,Latitude,City Name,Temp,Humidity,Wind Speed,Cloudiness
0,-33.93,cape town,55.4,58,21.92,0
1,-13.28,sao miguel do araguaia,75.68,84,2.73,8
2,20.93,nouadhibou,71.6,73,9.17,88
3,59.7,nikolskoye,41.0,93,6.71,75
4,65.96,kuusamo,26.6,86,5.82,0
5,-33.64,busselton,63.44,94,20.51,48
6,-20.21,quatre cocos,68.0,82,5.97,40
7,56.15,tinskoy,42.47,57,5.75,24
8,41.42,saldanha,44.36,70,5.53,0
9,49.72,geraldton,44.6,87,8.05,90
10,72.79,upernavik,29.06,100,10.22,0
11,-9.8,atuona,78.11,100,11.34,92
12,-30.17,cidreira,61.28,100,11.34,92
13,-33.02,east london,62.81,100,29.35,92
14,15.34,vaini,73.52,98,3.18,48
15,-23.58,bluff,82.34,30,8.66,0
16,48.84,normandin,46.4,75,6.93,90
17,-41.05,burnie,58.04,89,15.37,0
18,17.48,guhagar,79.55,100,2.73,92
19,-0.39,san cristobal,53.6,81,3.36,40
20,5.28,victoria,79.54,88,6.93,75
21,45.32,beyneu,47.24,82,3.4,0
22,49.25,lewisporte,35.6,74,5.82,5
23,66.83,yar-sale,34.91,100,6.76,24
24,-42.88,hobart,55.4,58,25.28,40
25,-46.19,mataura,54.98,69,15.82,0
26,62.78,sola,32.0,100,1.12,75
27,-34.53,bredasdorp,44.6,81,2.24,80
28,-29.08,tupancireta,58.94,97,13.47,48
29,-31.91,taree,77.0,44,6.93,0
30,22.89,cabo san lucas,79.83,88,4.7,40
31,48.39,senneterre,46.4,81,4.7,90
32,38.72,yuanping,61.91,38,3.06,0
33,-13.74,matara,38.06,86,1.95,0
34,53.4,hinton,24.83,74,2.73,88
35,65.85,mezen,43.55,98,6.08,92
36,64.42,provideniya,50.0,93,17.9,90
37,71.03,mehamn,39.2,64,14.99,75
38,-20.34,bambous virieux,68.0,82,5.97,40
39,22.08,kapaa,82.54,71,6.93,40
40,37.63,cartagena,60.8,87,3.36,0
41,68.22,aklavik,32.0,86,6.93,40
42,73.51,dikson,37.88,100,22.41,32
43,-33.21,jamestown,63.89,66,11.01,76
44,40.82,proti,41.66,92,1.72,0
45,67.67,sorland,39.2,80,6.93,40
46,61.99,paamiut,37.97,97,8.21,80
47,68.75,cherskiy,44.36,69,2.39,44
48,47.88,concarneau,55.4,93,3.36,90
49,36.17,damghan,61.19,53,1.95,44
50,42.9,preobrazheniye,61.01,53,3.74,0
51,45.36,saint-philippe,50.16,100,8.77,90
52,60.79,bethel,50.0,92,11.41,90
53,39.42,chara,57.2,82,4.7,0
54,-53.16,punta arenas,39.2,80,21.92,20
55,26.46,yongzhou,75.59,51,7.76,0
56,-2.57,kavieng,85.04,100,1.39,56
57,-32.25,dubbo,73.4,31,13.87,92
58,34.75,yima,71.54,39,3.85,0
59,-46.13,tuatapere,51.29,89,17.83,0
60,-54.81,ushuaia,33.8,100,6.93,75
61,-23.12,rikitea,67.58,100,19.84,100
62,-30.97,carnarvon,41.66,80,17.16,0
63,77.48,qaanaaq,22.58,100,7.54,24
64,-8.65,denpasar,84.2,74,14.99,20
65,-0.74,puerto ayora,71.0,100,10.56,8
66,44.98,derventa,39.2,100,3.36,75
67,-42.78,new norfolk,55.4,58,25.28,40
68,5.43,naze,72.89,98,3.18,88
69,11.0,dingle,84.95,81,3.85,24
70,36.97,santa cruz,67.77,80,6.93,75
71,42.65,albany,60.82,89,12.75,90
72,-33.59,port alfred,59.57,99,16.49,88
73,58.81,fort nelson,41.0,41,3.36,75
74,27.52,laguna,82.4,69,4.7,5
75,19.61,jiazi,84.2,66,13.42,40
76,-2.6,humberto de campos,79.55,92,17.49,0
77,26.58,guiyang,59.0,82,6.71,90
78,1.74,sibolga,77.84,88,1.95,48
79,63.75,iqaluit,30.2,92,17.22,90
80,-42.48,castro,43.82,86,4.97,80
81,71.98,khatanga,32.21,100,6.31,80
82,-30.33,narrabri,77.48,41,8.43,48
83,-3.66,namatanai,86.39,90,2.28,0
84,-0.6,hithadhoo,80.36,100,21.18,76
85,27.97,guerrero negro,67.13,98,2.17,8
86,5.56,banda aceh,81.44,94,2.73,0
87,43.47,waterloo,52.72,93,6.93,90
88,69.44,tuktoyaktuk,23.0,92,12.75,90
89,-34.42,hermanus,49.85,85,6.42,36
90,39.31,port elizabeth,74.14,84,9.17,75
91,68.06,bilibino,34.91,87,3.06,0
92,70.47,clyde river,21.2,92,5.82,90
93,63.84,grindavik,36.32,64,3.36,0
94,-2.02,lorengau,85.4,97,4.41,36
95,-28.65,byron bay,73.4,49,11.41,0
96,47.08,schruns,42.19,81,2.24,90
97,49.87,bow island,30.2,92,10.29,90
98,34.18,plainview,72.52,71,11.41,1
99,46.68,baruun-urt,60.29,34,13.35,0
100,15.17,sayyan,43.01,54,3.29,0
101,20.71,ixtapa,84.2,83,4.7,40
102,-22.12,henties bay,59.66,88,3.62,100
103,-46.43,mar del plata,46.61,52,17.27,24
104,-34.67,kiama,75.2,44,25.28,90
105,18.5,phonhong,80.6,61,4.7,90
106,50.7,port hardy,44.6,70,2.24,20
107,65.28,norman wells,35.6,64,11.41,40
108,-6.22,kieta,82.61,95,4.18,76
109,10.52,yuli,69.38,92,4.74,20
110,-15.83,taguatinga,69.8,77,1.95,0
111,19.71,hilo,76.48,62,11.41,75
112,-41.87,ancud,40.58,89,4.07,48
113,-26.98,san patricio,64.52,94,4.97,88
114,-34.58,flinders,75.2,44,25.28,90
115,34.64,lompoc,68.49,65,9.17,1
116,-3.8,pentecoste,75.5,87,11.01,0
117,-21.64,sao joao da barra,76.58,94,29.35,8
118,37.02,itoigawa,69.2,100,6.2,8
119,-15.19,namibe,66.86,100,3.96,12
120,-2.46,sucua,64.16,90,2.62,76
121,69.22,ilulissat,26.6,45,12.75,0
122,-21.21,avarua,73.4,56,13.87,40
123,66.08,novyy urengoy,31.4,96,8.32,68
124,50.95,yelan,54.26,93,6.98,8
125,-10.18,palmas,77.39,73,6.2,0
126,55.1,la ronge,30.2,58,4.7,20
127,-16.48,faanui,77.21,100,27.56,36
128,-20.74,karratha,92.96,23,8.77,20
129,63.44,vestmannaeyjar,41.3,96,3.96,92
130,3.07,butaritari,84.95,100,5.08,0
131,39.45,saint george,57.2,82,4.7,0
132,-30.55,kokstad,48.41,62,10.45,92
133,48.97,oleksandrivka,54.98,97,7.76,88
134,-38.31,barrow,43.91,70,5.41,0
135,-9.11,aguas belas,69.02,71,8.21,0
136,68.01,lovozero,23.3,95,3.51,76
137,-4.38,benjamin constant,77.0,100,2.17,40
138,-20.73,mount isa,87.8,20,11.41,0
139,69.49,talnakh,31.67,100,12.01,0
140,-45.58,coihaique,40.73,66,1.12,20
141,38.81,wentzville,75.02,69,8.05,75
142,-22.97,arraial do cabo,73.52,94,12.12,12
143,-2.67,vanimo,84.05,100,6.53,0
144,36.62,pacific grove,64.54,80,6.93,75
145,6.8,georgetown,77.0,94,4.7,0
146,-8.71,praya,89.6,43,6.93,20
147,1.75,wajir,71.9,75,10.22,0
148,0.53,thinadhoo,80.36,100,21.74,64
149,60.14,nanortalik,33.56,100,2.17,92
150,16.38,champerico,78.8,69,13.87,40
151,6.11,kuala kedah,87.01,79,3.36,75
152,-7.84,chicama,62.6,88,8.05,90
153,46.12,saint-georges,44.99,97,6.31,92
154,18.22,the valley,82.4,74,1.95,20
155,-46.28,kaitangata,56.24,62,11.45,0
156,51.26,moose factory,48.2,70,6.93,90
157,-12.74,vilhena,71.27,91,2.39,12
158,32.86,birjand,50.0,37,9.17,0
159,64.86,college,57.43,7,3.36,1
160,-19.06,alofi,78.8,65,18.34,75
161,-29.95,coquimbo,55.4,76,3.36,0
162,-9.67,maceio,71.6,88,3.36,20
163,38.52,ribeira grande,71.72,100,8.1,64
164,65.42,maniitsoq,29.51,100,9.22,92
165,45.6,souillac,55.08,77,3.36,90
166,17.11,kumphawapi,82.4,61,6.93,0
167,-17.73,caravelas,77.21,100,16.26,92
168,46.12,kamyzyak,53.6,93,6.71,0
169,58.6,kodinsk,39.59,54,5.97,20
170,-23.53,emerald,81.71,34,8.66,0
171,8.96,lebu,42.11,86,3.18,0
172,70.62,chokurdakh,36.08,98,6.98,36
173,44.9,watertown,55.53,100,12.75,90
174,-13.65,san jeronimo,38.06,86,1.95,0
175,55.74,thompson,32.0,74,4.7,40
176,-1.57,omboue,78.02,100,6.2,64
177,67.46,srednekolymsk,35.45,73,4.52,88
178,19.28,bodden town,82.4,88,10.29,20
179,-45.41,te anau,46.97,70,11.56,0
180,26.04,sikandarpur,86.84,58,5.19,0
181,-9.47,port moresby,84.2,70,23.04,40
182,65.61,tasiilaq,35.6,59,9.17,92
183,55.95,cumbernauld,48.87,87,3.36,40
184,51.37,zaozerne,45.44,79,22.3,56
185,37.14,lagoa,71.6,94,3.36,20
186,50.75,onguday,30.14,79,2.39,76
187,57.8,tigil,46.79,70,14.7,88
188,-25.41,taltal,54.26,89,2.39,44
189,-40.81,viedma,39.32,52,5.64,8
190,47.85,chapleau,34.19,89,5.41,8
191,-33.01,russell,59.0,54,1.16,0
192,21.46,cockburn town,82.88,99,7.87,68
193,-33.69,chuy,46.97,93,4.18,0
194,5.67,ugoofaaru,76.31,100,19.73,92
195,-3.54,majene,84.5,90,13.47,0
196,-11.1,hualmay,58.67,92,1.39,32
197,70.05,lakselv,36.37,69,21.92,92
198,38.18,fortuna,61.7,72,2.51,0
199,43.65,erenhot,60.11,35,8.1,0
200,51.81,atbasar,35.99,79,2.95,48
201,37.57,seoul,67.96,43,5.82,0
202,68.05,ostrovnoy,28.7,82,7.87,80
203,11.92,cam ranh,80.54,99,2.39,92
204,37.27,bayir,59.0,87,3.36,0
205,18.44,kidal,77.57,35,9.1,0
206,58.05,rybinsk,46.16,99,12.35,92
207,-25.28,mogwase,55.4,28,2.24,0
208,-20.63,ponta do sol,65.87,85,2.51,68
209,61.28,yerbogachen,39.32,54,8.21,12
210,8.55,ejido,66.2,93,1.39,40
211,-2.68,pangkalanbuun,86.21,82,5.97,36
212,37.5,murgab,60.8,55,2.95,0
213,33.19,avera,73.53,92,5.75,1
214,-1.2,carutapera,79.64,82,11.01,8
215,45.45,epernay,46.45,93,2.24,0
216,57.07,pervomayskoye,41.12,84,8.77,88
217,60.75,haines junction,32.57,62,2.62,0
218,24.57,huangchuan,55.4,93,3.74,90
219,-6.09,nisia floresta,75.2,83,4.7,40
220,-37.83,mount gambier,58.85,90,7.2,76
221,13.07,oistins,78.8,88,6.93,75
222,-20.31,port hedland,96.8,18,8.05,0
223,24.84,isagarh,83.15,55,4.52,0
224,-0.95,luwuk,81.62,82,5.97,64
225,47.58,bay roberts,39.2,86,2.24,20
226,-2.92,itarema,76.13,83,15.26,0
227,45.47,aberdeen,55.04,89,9.17,90
228,60.91,narsaq,35.6,43,6.93,80
229,-12.12,pangoa,64.61,97,2.62,44
230,-14.4,diamantino,71.99,93,2.17,44
231,51.86,listvyanka,53.6,66,15.66,40
232,53.6,belyy yar,42.8,81,4.47,40
233,45.41,wakkanai,64.4,52,25.28,40
234,10.24,esperance,77.0,94,5.19,20
235,-35.36,ulladulla,75.2,44,25.28,90
236,18.9,araouane,76.31,36,3.74,0
237,4.94,cayenne,73.4,100,10.11,0
238,53.69,taldan,55.88,45,3.74,0
239,59.58,ola,53.6,40,6.71,0
240,-16.84,mocuba,62.45,89,2.62,0
241,-34.48,rocha,40.76,86,4.74,0
242,70.86,berlevag,39.2,64,14.99,75
243,15.12,quang ngai,71.81,100,3.85,92
244,35.73,hasaki,72.32,78,11.41,75
245,66.56,aksarka,29.33,86,4.18,48
246,56.4,martyush,39.86,93,9.1,12
247,10.5,chumphon,89.6,70,9.17,40
248,78.22,longyearbyen,28.4,79,3.36,75
249,-43.3,rawson,44.72,34,10.78,0
250,-13.71,pisco,64.4,88,4.7,40
251,25.52,tura,75.59,90,6.2,24
252,49.49,darhan,57.86,51,13.24,0
253,7.98,eyl,74.69,95,11.79,76
254,-7.38,kawalu,80.18,61,2.84,0
255,35.5,davidson,66.72,99,5.41,1
256,52.4,potsdam,54.59,88,2.24,0
257,1.51,bongandanga,70.82,96,3.29,36
258,30.16,panama city,76.26,94,4.97,75
259,-16.99,mareeba,77.0,61,18.34,75
260,65.58,lavrentiya,46.16,90,27.89,92
261,53.92,prince george,32.0,38,6.93,1
262,55.43,high prairie,27.62,62,6.98,0
263,-36.4,warkworth,62.6,67,9.17,36
264,-20.01,grand gaube,68.0,82,11.68,40
265,27.05,south venice,78.93,88,6.93,1
266,71.97,saskylakh,26.09,94,4.07,76
267,29.29,jingdezhen,74.33,61,7.43,0
268,52.04,aksu,37.4,93,4.47,0
269,53.14,svetlogorsk,35.6,69,4.47,48
270,29.16,waddan,65.51,72,3.74,24
271,-20.41,mahebourg,68.0,82,5.97,40
272,58.33,manturovo,44.45,98,4.29,88
273,10.03,agustin codazzi,80.6,83,1.95,40
274,-8.93,airai,83.51,47,1.16,36
275,15.74,pochutla,82.4,74,9.78,40
276,-0.42,japura,81.71,88,2.95,24
277,41.76,trojes,53.6,93,1.12,76
278,71.64,tiksi,29.24,96,10.56,56
279,43.35,zhanaozen,55.43,53,6.42,0
280,28.89,huilong,70.82,47,3.18,76
281,4.42,tabou,78.29,100,7.87,92
282,40.27,beatrice,67.87,73,8.05,1
283,10.31,miri,65.69,92,2.95,0
284,5.97,weligama,81.35,94,5.75,0
285,55.34,ketchikan,43.97,13,5.97,1
286,60.99,fagernes,24.2,91,5.41,0
287,-13.51,mpongwe,62.18,61,8.43,0
288,44.87,brcko,37.31,100,1.12,90
289,59.65,kondinskoye,41.3,95,6.76,8
290,6.99,mizan teferi,57.68,93,2.95,32
291,-35.55,victor harbor,66.2,55,16.11,75
292,6.88,dhidhdhoo,78.56,100,13.13,92
293,54.63,killybegs,54.26,100,16.71,92
294,60.4,brae,45.61,48,9.17,56
295,43.13,mountain home,70.05,31,11.41,75
296,5.39,obo,66.41,97,5.75,68
297,63.37,blagoyevo,43.28,98,8.21,92
298,39.28,clarksburg,68.23,84,3.36,90
299,-6.13,soyo,72.62,98,2.51,44
300,34.16,leh,9.26,68,1.5,48
301,40.67,ayan,37.25,85,2.06,8
302,8.14,katiola,72.35,96,4.85,68
303,37.72,vila franca do campo,71.6,83,17.22,40
304,20.89,kahului,83.52,69,10.29,75
305,36.2,mitu,45.98,77,2.73,12
306,-26.5,bethanien,53.36,41,5.53,0
307,-0.72,port-gentil,76.76,100,3.96,88
308,13.28,chateaubelair,77.0,94,14.99,75
309,62.89,kuopio,37.4,100,1.12,75
310,37.41,qarqin,58.58,47,5.64,0
311,-18.35,hwange,54.35,58,2.73,0
312,-0.49,owando,70.64,97,2.17,24
313,-29.41,la rioja,51.2,75,2.62,0
314,-15.74,porteirinha,78.38,44,12.24,0
315,11.54,riohacha,77.12,100,2.73,88
316,57.31,teguldet,39.41,75,4.52,80
317,-22.46,calama,51.8,8,17.22,0
318,58.11,kumeny,46.97,97,14.81,92
319,45.32,akhtanizovskaya,68.0,88,13.42,75
320,12.99,katsina,72.8,77,5.75,24
321,63.05,beringovskiy,46.88,96,20.51,92
322,47.66,torbay,39.2,86,2.24,20
323,-28.95,codrington,72.53,68,3.4,0
324,9.49,bandarbeyla,76.4,95,11.68,48
325,70.98,honningsvag,39.2,64,14.99,75
326,-3.99,kendari,87.02,57,4.85,48
327,38.52,jinchang,51.92,61,4.18,0
328,69.7,pevek,44.0,91,8.66,20
329,37.46,half moon bay,69.37,65,16.11,75
330,-18.13,chegutu,49.04,80,2.39,0
331,56.97,bezhanitsy,44.45,88,11.68,56
332,21.43,mecca,68.84,91,2.39,0
333,-5.13,itupiranga,82.4,78,4.7,0
334,48.94,ucluelet,44.81,80,1.05,0
335,35.24,torbat-e jam,51.02,66,3.18,36
336,49.17,nenjiang,59.3,55,6.64,0
337,13.21,maine-soroa,76.49,64,4.41,0
338,35.24,kijang,69.8,49,9.17,0
339,30.75,ajdabiya,76.22,38,11.34,92
340,32.3,hamilton,78.8,74,18.34,75
341,-5.2,touros,76.04,93,11.56,88
342,46.0,jibert,43.82,99,10.22,76
343,26.33,buraydah,69.8,40,3.36,0
344,64.17,nuuk,33.8,100,12.75,68
345,66.32,egvekinot,45.71,98,7.2,88
346,11.67,port blair,85.04,100,4.18,8
347,21.91,gaozhou,79.1,53,6.76,0
348,9.52,parrita,69.8,94,3.36,75
349,37.17,sitka,78.29,50,18.84,8
350,62.45,yellowknife,26.6,73,13.87,75
351,20.76,kihei,83.57,69,10.29,75
352,7.62,mattru,75.14,100,2.95,92
353,50.8,rudnya,55.16,89,7.76,8
354,55.28,slave lake,30.2,54,13.87,1
355,-35.3,canberra,59.0,77,20.8,75
356,27.87,adrar,73.4,27,8.05,0
357,48.41,thunder bay,48.2,87,2.24,90
358,58.99,avinurme,45.62,100,15.03,36
359,55.07,valleyview,25.73,64,7.99,0
360,-25.95,bulembu,60.8,77,1.12,68
361,48.42,desbiens,46.4,75,6.93,90
362,55.41,goryachegorsk,37.34,85,6.2,44
363,63.73,sistranda,46.4,75,25.28,75
364,-33.52,santa vitoria do palmar,46.97,93,4.18,0
365,60.95,nastola,37.4,100,5.82,75
366,69.38,leningradskiy,42.47,85,15.03,32
367,50.1,sioux lookout,46.4,87,8.05,90
368,50.09,pecky,49.53,71,16.11,0
369,-14.56,nacala,72.98,100,6.31,0
370,34.56,kargil,17.0,71,1.72,20
371,7.42,kalmunai,80.81,91,4.18,0
372,24.8,hirara,77.92,69,20.8,75
373,38.62,nevsehir,46.2,66,6.93,0
374,15.86,puerto escondido,82.4,74,8.43,40
375,9.06,maloh,87.8,74,9.17,80
376,51.1,derzhavinsk,38.96,64,7.76,20
377,7.26,danane,69.47,100,3.74,92
378,39.95,kodiak,77.0,76,8.05,1
379,58.66,tonstad,44.6,87,12.75,75
380,25.72,alice town,83.24,100,19.62,100
381,-15.77,kununurra,95.0,32,5.82,0
382,48.47,guerande,54.7,100,3.36,90
383,-19.9,mahanoro,60.2,98,2.95,0
384,62.58,roald,44.35,70,14.99,88
385,-34.05,plettenberg bay,59.66,100,8.99,92
386,29.21,uvalde,77.31,90,5.82,1
387,29.03,jalu,74.69,36,10.45,0
388,-14.9,antalaha,68.75,95,8.66,24
389,-22.28,noumea,75.2,53,10.29,90
390,8.78,panalingaan,83.69,92,2.84,20
391,34.7,shimoda,73.4,69,9.17,75
392,47.93,key west,51.67,76,14.99,90
393,62.71,troitsko-pechorsk,42.83,96,7.54,92
394,20.84,angul,83.42,82,2.95,0
395,-32.72,nelson bay,82.4,26,16.11,0
396,-11.38,mitsamiouli,75.14,100,6.08,0
397,-2.95,kindu,68.3,98,4.29,92
398,50.68,severo-kurilsk,48.68,97,18.39,80
399,41.09,resen,45.44,100,2.39,8
400,10.93,phan thiet,81.17,100,3.74,88
401,-39.03,general roca,51.8,34,11.41,0
402,42.84,hami,64.52,40,6.31,36
403,3.63,yatou,75.2,100,2.24,75
404,13.32,san andres,82.88,100,6.42,56
405,55.35,barabinsk,44.36,82,9.22,76
406,-3.71,vila velha,78.8,78,13.87,75
407,50.6,samagaltay,39.68,98,10.78,92
408,12.96,magadi,75.2,94,5.82,40
409,-33.44,santiago,57.2,41,8.05,0
410,33.93,katsuura,71.6,64,5.82,40
411,18.39,faya,57.2,60,4.7,0
412,-36.62,santa rosa,41.66,51,3.62,0
413,12.32,udayagiri,77.21,74,4.41,0
414,53.8,westport,54.17,99,14.92,92
415,23.46,chenghai,80.6,54,6.71,0
416,66.42,udachnyy,36.44,90,4.41,92
417,49.65,veraval,59.59,93,9.17,90
418,-17.03,mollendo,50.48,96,1.39,36
419,-34.0,kruisfontein,59.66,83,11.12,92
420,8.07,ouadda,66.05,97,7.09,32
421,50.78,genhe,54.62,49,8.55,0
422,5.35,hobyo,76.04,89,13.02,88
423,59.33,yayva,43.73,91,11.45,88
424,-5.81,natal,75.2,83,4.7,40
425,55.34,mackenzie,28.4,58,2.24,1
426,47.1,krasnyy kut,58.22,97,6.98,48
427,52.35,provost,30.23,74,4.52,88
428,49.79,dryden,46.4,87,10.29,90
429,-8.11,singaraja,84.2,74,14.99,20
430,-34.72,port lincoln,60.56,90,15.03,32
431,-17.53,tiarei,78.8,65,9.17,75
432,20.97,chicontepec,69.56,100,2.62,80
433,15.79,san jose,82.16,87,2.95,0
434,37.92,melito di porto salvo,66.2,88,4.7,40
435,48.95,saint-pierre,54.41,100,8.05,90
436,-16.77,mount darwin,51.92,82,2.73,0
437,-39.89,otane,62.36,46,3.62,76
438,39.15,ukiah,66.92,81,3.36,90
439,60.74,nyrob,40.94,95,11.01,92
440,32.3,rincon,74.48,90,2.95,1
441,-23.31,rehoboth,62.09,36,9.33,0
442,54.91,nizhneudinsk,38.42,91,7.2,76
443,12.18,auki,72.98,94,8.43,0
444,53.23,lincoln,49.3,87,3.36,0
445,38.35,charleston,69.08,96,5.82,20
446,18.65,jeremie,80.99,97,5.64,80
447,55.94,tayshet,40.49,79,6.64,68
448,5.4,butterworth,86.92,74,3.36,75
449,41.38,barcelona,57.2,48,11.41,0
450,48.96,murdochville,41.12,89,9.44,32
451,-3.65,masumbwe,68.84,59,7.99,24
452,-10.46,kirakira,81.08,100,12.91,64
453,54.11,smoky lake,25.55,68,8.21,0
454,-43.53,christchurch,55.4,76,18.34,0
455,67.55,komsomolskiy,32.39,95,13.47,88
456,-0.91,archidona,57.23,93,2.51,88
457,-3.31,amahai,80.18,100,7.54,48
458,39.03,mincivan,46.25,80,2.39,0
459,56.89,pavilosta,45.54,93,3.36,92
460,55.09,chulym,42.56,77,9.22,12
461,38.88,hays,76.44,57,13.87,1
462,60.06,gornopravdinsk,42.92,89,5.97,48
463,11.28,bosaso,80.18,100,3.85,0
464,21.94,jatibonico,79.73,81,9.66,76
465,54.72,chumikan,51.92,60,10.22,0
466,37.05,nanao,70.93,52,3.36,40
467,-0.92,padang,81.53,100,7.09,20
468,45.2,esna,54.35,89,5.3,56
469,35.53,gallup,60.55,92,5.82,90
470,28.17,along,62.99,98,1.61,100
471,56.08,anzhero-sudzhensk,38.78,81,6.2,76
472,55.0,gretna,44.6,87,11.41,64
473,-11.41,iberia,79.01,76,3.06,8
474,13.52,doka,69.2,93,6.2,8
475,33.72,shingu,75.2,57,6.93,40
476,39.93,romitan,55.4,58,4.7,0
477,50.56,husavik,40.31,100,12.12,92
478,24.09,aswan,82.4,30,6.93,0
479,18.42,road town,82.04,71,2.39,1
480,-0.61,salinopolis,81.08,95,15.82,56
481,50.47,vidim,49.08,76,13.87,0
482,28.75,darab,44.45,38,2.06,0
483,-43.03,margate,57.2,50,23.04,20
484,-30.38,sawtell,71.6,60,23.04,0
485,53.89,priyutovo,41.39,58,8.99,8
486,41.53,barcelos,62.02,50,9.17,0
487,-41.77,calbuco,44.6,81,3.36,90
488,-3.14,itacoatiara,81.53,62,4.41,0
489,7.2,carmen,86.48,77,4.52,0
490,29.7,tiznit,65.51,98,3.62,0
491,-25.17,beloha,55.16,77,8.77,0
492,12.22,alugan,81.08,100,9.55,80
493,24.34,ishigaki,78.8,69,23.04,75
494,38.25,pueblo,71.91,38,10.29,1
495,36.29,nibbar,59.0,77,4.63,40
496,8.0,marawi,76.31,90,3.29,68
497,27.73,saint pete beach,79.52,88,6.93,90
498,14.9,palimbang,85.32,66,6.93,75
499,38.83,colorado springs,67.28,42,3.29,90
500,-5.09,paita,66.59,87,7.87,64
501,4.12,xuddur,68.66,88,10.11,8
502,36.8,timizart,57.5,85,4.74,100
503,52.99,temyasovo,35.6,69,4.47,44
504,25.47,banda,87.92,47,4.74,0
505,-19.98,cap malheureux,68.0,82,11.68,40
506,41.32,hazorasp,59.0,58,4.7,0
507,48.95,corner brook,29.39,92,3.36,20
508,57.82,mamakan,47.33,96,2.95,64
509,-19.55,isangel,73.34,100,16.15,0
510,3.51,kaabong,57.86,88,4.07,24
511,28.06,pasighat,68.93,88,1.83,80
512,39.0,albacete,44.6,75,2.84,0
513,57.64,visby,48.2,81,12.75,92
514,28.5,puerto del rosario,72.41,83,9.17,0
515,14.69,dakar,80.6,94,2.73,20
516,17.01,salalah,73.4,53,4.7,0
517,22.5,remedios,77.0,83,4.7,20
518,-13.85,alyangula,83.33,84,14.58,0
519,-11.96,baixa grande,72.98,67,6.53,36
520,-23.7,alice springs,91.4,9,14.99,0
521,58.45,egersund,44.6,87,12.75,75
522,-24.71,manjacaze,67.67,85,9.78,0
523,66.15,pangnirtung,22.94,85,6.64,64
524,47.92,gannan,63.98,48,5.64,0
525,26.56,bandar-e lengeh,78.8,69,4.7,0
526,20.06,wani,84.32,83,4.41,0
527,7.53,atakpame,71.99,93,0.72,64
528,13.22,bathsheba,78.8,88,6.93,75
529,-3.63,feijo,89.6,33,3.36,40
530,32.94,alexander city,72.99,100,3.62,1
531,49.79,velyka bahachka,54.17,94,6.98,92
532,37.8,rabo de peixe,69.8,88,17.22,40
533,5.97,akropong,78.8,94,5.82,75
534,14.29,ternate,86.0,66,6.93,75
535,7.04,kloulklubed,86.0,74,8.05,75
536,49.78,chapais,39.2,86,5.82,75
537,39.28,kamaishi,73.4,43,4.7,20
538,59.7,arman,53.6,40,6.71,0
539,22.15,cienfuegos,77.0,94,10.29,12
540,-28.24,imbituba,68.0,100,2.24,75
541,36.85,virginia beach,72.45,84,9.17,1
542,23.99,constitucion,68.0,60,5.82,20
543,-13.55,zambezi,60.56,45,11.01,0
544,-8.45,bima,83.96,71,3.62,80
545,-26.65,luderitz,56.87,77,17.49,0
546,47.48,bemidji,47.19,90,9.17,90
547,50.02,campbell river,43.68,86,8.05,5
548,38.25,fairfield,70.07,57,5.19,1
549,44.12,zadar,53.6,71,6.93,20
550,39.36,peniche,65.34,51,6.93,0
551,-28.58,vallenar,50.39,71,2.06,12
552,-23.65,antofagasta,57.2,76,9.17,90
553,12.18,san policarpo,81.08,100,9.55,80
554,-33.52,trinidad,38.06,73,2.39,0
555,50.72,solnechnyy,54.89,66,4.97,8
556,3.34,kuala selangor,86.0,70,3.36,75
557,26.59,awbari,77.12,45,6.76,12
558,28.47,santa cruz de tenerife,68.38,93,12.75,80
559,-4.54,bulungu,69.29,96,2.84,36
560,61.13,ust-omchug,26.72,86,3.51,8
561,62.72,namtsy,42.2,66,5.64,76
562,34.92,lasa,69.01,72,5.82,20
563,-12.18,ibotirama,76.13,52,9.1,0
564,-35.71,batemans bay,74.06,55,5.53,8
565,-0.87,manokwari,83.6,100,6.87,48
566,49.22,poronaysk,49.31,95,9.78,76
567,48.81,bulgan,57.14,47,9.66,0
568,48.11,chaumont,53.6,100,4.7,90
569,7.85,bayog,82.16,96,4.18,64
570,68.82,qasigiannguit,26.6,45,12.75,0
571,9.67,matagami,68.66,97,3.96,92
572,-26.25,alberton,58.12,22,1.12,44
573,44.83,saint-augustin,55.22,87,1.12,90
574,31.4,rosetta,73.4,78,3.36,0
575,31.87,haimen,77.21,66,9.78,0
576,30.04,nome,75.54,90,4.74,1
577,64.56,severodvinsk,41.0,100,6.71,20
578,12.1,payyannur,82.25,99,5.3,20
579,-28.55,oranjemund,59.03,88,27.56,24
580,7.73,makurdi,72.71,99,5.08,76
581,50.93,ivankiv,50.0,100,15.66,75
582,13.85,salvacion,82.34,100,1.5,68
583,-7.74,rodrigues alves,80.6,78,1.12,0
584,30.3,harper,74.8,81,3.36,1
585,-15.31,sao joao do paraiso,66.86,82,8.21,0
586,62.67,borogontsy,39.86,67,6.31,88
587,51.04,northam,55.4,93,10.29,0
588,-2.76,tutoia,78.74,78,14.92,0
589,4.14,meulaboh,81.89,100,2.62,32
590,-3.74,anori,81.35,78,1.95,0
591,56.24,dzerzhinsk,44.6,100,4.47,90
592,3.81,wajid,70.91,84,10.33,44
593,27.13,phalodi,86.21,29,3.74,56
594,-28.19,danielskuil,53.9,30,13.24,12
595,41.35,calatayud,56.3,54,1.12,0
596,-5.13,boa viagem,72.8,63,9.22,0
597,-2.87,morros,78.8,83,11.41,0
598,9.56,hargeysa,50.3,81,3.85,0
599,49.64,tourlaville,59.0,87,11.41,90
600,67.55,verkhoyansk,29.51,68,3.74,8
601,46.84,balkhash,48.14,100,16.82,0
602,-2.54,labuhan,85.31,72,3.18,20
603,22.57,sur,83.33,92,6.87,0
604,21.05,teya,75.2,94,4.52,40
605,-25.24,yulara,75.2,41,17.22,75
606,11.28,bubaque,80.36,100,10.78,20
607,-19.8,pangai,78.8,69,20.8,75
608,-6.21,kandrian,80.81,85,4.85,92
609,21.28,panaba,77.39,85,4.85,48
610,22.54,xinzhi,81.84,65,6.93,40
611,60.06,salym,42.74,89,6.2,56
612,66.77,zhigansk,36.35,97,4.63,92
613,-31.4,concordia,49.58,88,10.33,0
614,-17.84,malacacheta,73.7,62,11.01,0
615,-18.06,opuwo,64.61,31,6.53,0
616,16.28,gao,79.1,52,4.41,0
617,25.6,dali,59.48,100,1.83,80
618,44.21,russkiy,49.76,85,2.17,0
619,40.53,tooele,67.5,59,12.75,90
620,13.06,socorro,78.38,100,3.06,88
621,47.25,bayan,54.71,40,6.98,0
622,50.53,sherlovaya gora,61.28,49,4.63,0
623,6.54,bria,67.04,100,7.43,92
624,13.02,kunigal,75.2,83,5.82,40
625,64.86,rorvik,38.6,100,2.73,20
626,26.54,marsh harbour,81.89,100,18.39,92
627,46.87,les herbiers,59.0,93,5.82,90
628,53.96,york,47.43,81,13.87,0
629,-8.49,merauke,83.6,73,16.49,100
630,64.25,hofn,40.49,100,10.78,92
631,18.74,arlit,81.53,26,9.22,80
632,20.87,lahaina,82.36,69,10.29,75
633,16.99,tecoanapa,84.2,79,10.29,40
634,42.73,troy,60.21,89,12.75,90
635,-35.17,ahipara,62.45,78,0.49,92
636,56.22,mishkino,44.6,100,11.18,75
637,43.56,saint-joseph,52.84,71,4.7,0
638,13.76,mahina,76.13,93,2.73,8
639,41.19,leca da palmeira,62.2,85,9.17,0
640,-22.43,moerai,70.01,100,21.18,8
641,42.73,tyup,41.57,87,2.17,0
642,54.04,malbork,46.4,87,25.28,75
643,14.69,gat,75.59,97,2.95,36
644,21.35,makakilo city,82.85,76,8.05,75
645,-20.25,praia,69.8,77,3.36,0
646,18.22,abha,57.2,58,4.7,0
647,27.5,mangan,45.08,57,1.61,0
648,40.21,noshiro,68.32,63,9.17,75
649,-15.32,goianesia,69.65,76,2.62,0
650,62.23,klaksvik,37.4,86,10.67,0
651,8.4,tchollire,70.46,94,3.62,24
652,59.56,magadan,53.6,40,6.71,0
653,59.37,karla,42.8,100,8.05,90
654,49.28,yakeshi,59.39,59,10.45,0
655,55.04,russkiy aktash,48.2,49,11.18,0
656,65.95,aykhal,34.82,84,8.88,88
657,52.06,leczyca,46.4,93,14.99,75
658,18.62,coahuayana,69.2,77,1.95,0
659,-12.77,iacu,70.82,80,10.22,12
660,13.64,dogondoutchi,76.04,76,3.62,0
661,52.61,great yarmouth,46.4,93,4.7,0
662,71.0,havoysund,35.6,100,21.92,75
663,46.2,semme,53.6,87,5.82,90
664,54.97,yelatma,45.71,100,3.96,76
665,-0.86,sorong,81.89,100,4.97,12
666,31.8,gizo,76.14,83,2.24,0
667,17.08,dicabisagan,81.44,95,7.43,24
668,36.37,kumluca,41.84,88,2.39,44
669,50.02,fourmies,54.88,100,5.82,20
670,-15.89,barra do garcas,71.0,87,2.39,12
671,36.57,sari,68.03,96,7.2,64
672,47.55,ambon,59.0,87,3.36,75
673,63.32,lieksa,34.82,100,3.74,56
674,45.92,zenzeli,55.7,86,3.18,76
675,63.29,ornskoldsvik,31.82,86,5.82,80
676,39.96,talavera de la reina,42.02,82,2.06,0
677,25.06,rajsamand,82.16,49,3.96,0
678,48.65,bonavista,41.57,100,6.53,0
679,49.25,ornes,51.8,100,13.87,90
680,32.89,fuyang,76.31,55,4.52,32
681,41.53,milkovo,57.2,100,3.36,0
682,12.79,aden,81.17,100,7.65,0
683,27.92,dhola,68.0,82,2.24,20
684,-28.77,richards bay,67.31,69,13.24,88
685,51.13,astana,33.8,86,4.47,0
686,63.59,mayo,28.4,63,2.24,40
687,52.48,lowestoft,49.01,93,4.7,0
688,40.39,lewistown,65.25,95,6.93,1
689,46.45,vostok,50.39,64,6.31,0
690,64.84,fairbanks,49.96,8,4.18,1
691,41.28,nantucket,66.97,94,18.34,90
692,14.35,filingue,78.83,68,3.4,8
693,14.9,sao filipe,78.65,96,12.8,12
694,68.54,belaya gora,33.65,93,12.01,92
695,41.9,adrian,60.78,75,5.82,90
696,67.47,igarka,33.11,99,15.37,8
697,25.42,saltillo,64.4,59,11.41,5
698,-14.99,mumbwa,56.69,69,6.08,0
699,-35.12,murray bridge,62.0,81,12.01,8
700,14.07,dawei,81.44,77,4.41,64
701,-35.1,kaeo,63.44,68,8.1,24
702,10.57,kavaratti,83.24,100,4.41,0
703,24.79,lianzhou,73.16,51,2.73,0
704,-45.87,dunedin,53.81,78,2.39,20
705,-38.55,necochea,46.16,78,7.43,12
706,47.11,glendive,44.6,93,8.05,75
707,35.51,decatur,68.79,89,3.51,1
708,20.87,celestun,83.78,97,18.39,44
709,64.81,muhos,37.4,86,6.93,32
710,38.02,rafina,61.75,87,1.12,40
711,-45.87,comodoro rivadavia,50.0,37,11.41,0
712,65.8,turukhansk,33.65,96,16.6,92
713,-20.95,voh,69.65,100,13.02,0
714,39.62,vardo,71.94,90,3.36,40
715,46.93,tambovka,56.78,90,6.31,20
716,-23.13,yeppoon,78.8,36,9.17,0
717,-37.04,cabrero,49.12,76,6.93,0
718,-22.95,walvis bay,55.4,82,11.41,12
719,46.7,ferme-neuve,44.63,100,4.41,44
720,9.51,odienne,70.28,94,2.28,68
721,-8.17,moche,62.6,88,8.05,90
722,25.7,phek,74.33,79,1.5,0
723,63.66,beian,46.4,75,25.28,75
724,-21.35,poya,68.93,100,9.44,0
725,-16.7,fare,76.31,100,26.66,48
726,16.86,acapulco,84.2,79,10.29,40
727,-37.06,stawell,63.71,79,8.21,20
728,41.28,poum,46.79,90,2.17,0
729,59.36,okhotsk,46.79,82,4.18,8
730,60.72,whitehorse,39.2,38,4.7,75
731,52.55,lisakovsk,38.51,70,7.43,24
732,32.93,chakwal,67.13,82,2.39,36
733,69.3,deputatskiy,25.55,87,11.01,80
734,45.46,bose,47.17,76,4.7,0
735,27.13,gonda,84.95,60,3.96,0
736,53.52,atherton,52.34,93,6.93,90
737,-14.8,nova olimpia,78.92,79,5.86,76
738,-10.07,huarmey,58.31,87,3.18,24
739,60.82,hay river,30.2,58,8.05,75
740,54.43,fort saint james,30.41,73,3.06,0
741,9.88,gberia fotombu,70.46,97,3.18,68
742,2.01,yong peng,88.46,79,3.96,0
743,29.14,awjilah,78.02,34,12.57,36
744,10.6,were ilu,40.94,89,1.72,0
745,-16.52,vaitape,76.4,100,26.78,8
746,47.3,telfs,44.35,93,1.12,8
747,43.59,bay city,53.76,96,6.93,90
748,14.28,aras,45.26,68,3.85,0
749,60.47,tilichiki,45.53,89,10.45,44
750,35.76,kita,72.79,60,4.7,20
751,33.24,baoying,76.22,64,4.07,36
752,31.31,ofaqim,64.88,95,2.62,0
753,20.52,atar,80.18,36,5.41,76
754,9.18,ca mau,83.06,96,5.53,44
755,27.91,aguimes,71.6,78,11.41,20
756,22.81,sagua la grande,75.2,88,4.7,80
757,60.73,strezhevoy,41.0,93,6.71,0
758,50.03,port-cartier,33.8,86,6.93,75
759,-44.7,wanaka,54.08,46,2.84,0
760,43.28,betanzos,52.07,93,6.93,0
761,13.59,acajutla,73.7,97,3.85,80
762,54.78,smithers,32.0,45,0.72,5
763,21.32,ewa beach,83.52,67,9.17,1
764,-20.07,charters towers,77.66,59,9.44,0
765,55.38,balakhta,40.22,93,6.42,80
766,47.03,barnbach,37.4,93,1.12,40
767,8.89,san jose de guanipa,81.98,65,11.9,32
768,38.42,ishinomaki,71.6,64,6.93,40
769,40.8,eureka,60.89,93,3.96,90
770,-7.95,bambanglipuro,85.58,60,3.4,76
771,-33.5,las cruces,50.23,71,2.24,0
772,56.95,novobirilyussy,40.31,70,5.75,68
773,28.94,fasa,59.0,33,4.7,0
774,7.69,kinablangan,83.69,100,1.39,8
775,-16.1,senanga,59.3,36,9.44,0
776,0.52,kisangani,71.81,100,2.39,64
777,62.86,bereznik,44.72,95,7.87,92
778,54.28,scarborough,46.71,75,1.12,12
779,59.06,kargasok,43.19,79,5.86,92
780,-30.3,coffs harbour,71.6,60,23.04,0
781,63.01,chernyshevskiy,39.14,71,10.45,68
782,-13.13,montepuez,57.32,90,2.84,0
783,62.93,seymchan,29.96,100,3.62,12
784,7.45,baculin,82.88,100,11.23,8
785,-32.49,port augusta,62.6,82,20.8,90
786,-8.83,luanda,71.6,94,2.62,75
787,1.23,basoko,70.28,100,4.41,64
788,-20.19,chipinge,50.21,82,3.4,0
789,-23.87,inhambane,69.56,100,11.68,0
790,0.12,bontang,85.22,89,2.62,20
791,-27.58,victoria point,74.61,53,10.29,20
792,-10.62,samarai,78.02,99,18.72,44
793,-1.6,nyakahanga,65.24,80,2.17,88
794,-31.97,broken hill,79.91,43,13.35,44
795,14.2,kutum,83.24,28,8.21,100
796,-29.79,alegrete,59.39,86,12.46,80
797,4.12,gamboula,68.48,98,4.07,68
798,-5.56,kimbe,81.8,100,0.72,44
799,66.66,labytnangi,31.31,79,6.87,68
800,-6.97,cabedelo,73.4,94,3.36,40
801,61.92,evensk,46.52,97,11.23,80
802,8.76,vavuniya,81.26,95,4.41,12
803,3.94,mandera,77.84,62,12.46,0
804,-45.75,waitati,53.81,78,2.39,20
805,26.28,dinghai,78.8,44,15.66,0
806,31.71,brownwood,75.7,78,8.05,40
807,7.53,bonthe,76.04,100,3.18,92
808,50.11,merritt,39.2,64,10.29,90
809,16.06,vieux-habitants,77.0,88,6.98,0
810,-31.62,santa fe,46.79,72,3.85,0
811,22.69,ibra,63.44,60,1.83,0
812,-7.71,pauini,73.97,97,2.62,20
813,28.02,bikaner,82.43,34,1.39,56
814,49.98,ulaangom,29.69,80,7.65,92
815,16.77,tombouctou,80.54,40,8.21,0
816,22.93,nizwa,68.57,42,4.18,0
817,-2.79,tsogni,76.31,100,4.97,92
818,54.32,prince rupert,44.6,77,5.82,1
819,50.31,okhtyrka,50.66,96,8.66,92
820,-0.23,payakumbuh,79.19,86,3.4,56
821,36.95,erzin,61.72,87,3.36,0
822,45.76,mandalgovi,51.47,60,9.55,0
823,7.38,yaan,74.42,95,5.19,80
824,33.9,suicheng,76.85,57,4.41,0
825,63.92,sangar,36.62,82,2.95,80
826,62.87,sindor,42.56,96,10.67,92
827,44.81,saint albans,52.57,100,1.95,90
828,62.63,harnosand,30.2,92,10.29,68
829,27.93,tezu,68.12,78,0.72,24
830,39.95,delvine,64.4,93,1.83,75
831,46.41,miles city,51.08,89,12.75,90
832,56.36,taksimo,49.13,60,1.61,20
833,38.48,yinchuan,61.46,31,4.41,0
834,19.76,cap-haitien,79.46,100,5.64,56
835,62.92,medvezhyegorsk,37.88,99,6.76,56
836,13.22,kattivakkam,87.8,74,6.93,40
837,63.2,ler,42.19,93,9.17,75
838,-39.94,waipawa,60.83,54,4.74,68
839,-3.98,papara,78.8,78,13.87,75
840,-3.52,lodja,71.0,93,2.28,64
841,-20.77,roebourne,92.96,23,8.77,20
842,50.38,mugur-aksy,25.28,72,2.73,92
843,-38.6,wonthaggi,62.54,72,3.4,48
844,45.29,zlobin,50.0,66,2.24,0
845,54.77,flin flon,35.99,83,7.65,36
846,34.35,nagato,71.6,68,4.7,20
847,61.23,poykovskiy,39.2,100,6.71,0
848,45.52,portland,57.63,57,18.34,20
849,-20.3,morondava,67.22,100,4.29,0
850,56.34,kolarovo,39.68,94,6.42,80
851,-35.34,swan hill,69.65,64,6.98,64
852,38.83,kavos,57.2,82,4.7,0
853,20.08,juchitlan,61.82,91,2.51,8
854,39.41,brigantine,73.44,84,11.41,75
855,5.4,sarangani,84.23,95,6.64,44
856,21.39,kailua,82.87,76,8.05,75
857,29.11,bam,55.61,29,4.97,0
858,56.17,kedrovyy,39.2,69,8.95,20
859,20.2,tessalit,74.42,41,2.73,8
860,-15.23,pontes e lacerda,72.71,94,2.73,48
861,56.95,pyshma,42.38,87,10.22,24
862,-22.14,manakara,65.51,100,7.99,56
863,-8.9,sao jose da coroa grande,72.98,98,4.97,92
864,-14.83,nazca,51.02,84,0.38,0
865,4.28,gbadolite,71.81,98,4.74,64
866,-6.22,jacareacanga,77.66,87,2.95,32
867,-29.69,santa maria,56.69,98,11.68,88
868,45.88,nago,49.14,93,1.12,0
869,46.15,libano,50.58,93,1.12,0
870,34.88,havelock,73.51,93,5.41,1
871,-1.64,la asuncion,45.53,100,0.94,68
872,23.77,soto la marina,74.6,87,4.41,20
873,5.38,sinnamary,82.43,91,14.14,8
874,50.23,havre-saint-pierre,32.0,89,6.93,40
875,47.91,bad wurzach,49.95,71,6.93,0
876,14.19,rajampet,84.2,79,4.7,20
877,35.93,franklin,70.56,88,3.36,1
878,36.21,pahrump,78.55,56,9.17,1
879,17.54,san quintin,86.0,58,9.17,20
880,43.4,port-de-bouc,56.52,51,10.29,0
881,43.02,chiusi,53.6,76,10.29,0
882,35.03,fukue,71.6,60,4.7,75
883,40.74,sayville,66.13,96,9.17,90
884,-22.41,rio claro,71.6,73,3.62,0
885,62.6,aanekoski,32.0,97,3.36,75
886,18.69,bilma,80.81,27,6.31,24
887,-4.07,mangai,71.72,98,2.39,56
888,41.53,green river,55.94,83,8.05,90
889,0.19,kango,71.99,98,2.39,92
